<?xml version="1.0" encoding="utf-8"?><?mso-application progid="Excel.Sheet"?><Workbook xmlns="urn:schemas-microsoft-com:office:spreadsheet" xmlns:o="urn:schemas-microsoft-com:office:office" xmlns:x="urn:schemas-microsoft-com:office:excel" xmlns:ss="urn:schemas-microsoft-com:office:spreadsheet" xmlns:html="http://www.w3.org/TR/REC-html40"><DocumentProperties xmlns="urn:schemas-microsoft-com:office:office"><Author>Yannik Schälte</Author><Version>2.0</Version></DocumentProperties><Styles><Style ss:ID="Default" ss:Name="Normal"><Alignment ss:Vertical="Bottom" /></Style><Style ss:ID="s21"><Font x:Family="Swiss" ss:Bold="1" /></Style><Style ss:ID="s22"><Font x:Family="Swiss" ss:Italic="1" /></Style><Style ss:ID="s23"><Font x:Family="Swiss" ss:Size="16" ss:Bold="1" /></Style></Styles><Worksheet ss:Name="Ministrantenplan"><Table><Row><Cell ss:MergeAcross="3" ss:StyleID="s23"><Data ss:Type="String">Ministrantenplan 01.06.2025 - 31.08.2025</Data></Cell></Row><Row></Row><Row><Cell ss:StyleID="s21"><Data ss:Type="String">So. 01.06.2025 09:00 (Sonntag 9:00), PP</Data></Cell><Cell ss:StyleID="s22"><Data ss:Type="String">Gabenbereitung</Data></Cell><Cell><Data ss:Type="String">Romina Schneider</Data></Cell><Cell><Data ss:Type="String">Jana Schneider</Data></Cell></Row><Row><Cell><Data ss:Type="String"></Data></Cell><Cell ss:StyleID="s22"><Data ss:Type="String">Normal</Data></Cell><Cell><Data ss:Type="String">Lukas Rehberger</Data></Cell><Cell><Data ss:Type="String">Kilian Armbruster</Data></Cell></Row><Row><Cell></Cell></Row><Row><Cell ss:StyleID="s21"><Data ss:Type="String">So. 01.06.2025 11:00 (Sonntag 11:00), MK</Data></Cell><Cell ss:StyleID="s22"><Data ss:Type="String">Gabenbereitung</Data></Cell><Cell><Data ss:Type="String">Fina Ruhfaß</Data></Cell><Cell><Data ss:Type="String">Fritzi Pichler</Data></Cell></Row><Row><Cell><Data ss:Type="String"></Data></Cell><Cell ss:StyleID="s22"><Data ss:Type="String">Normal</Data></Cell><Cell><Data ss:Type="String">Salome Beck </Data></Cell><Cell><Data ss:Type="String">Emanuel Beck</Data></Cell></Row><Row><Cell></Cell></Row><Row><Cell ss:StyleID="s21"><Data ss:Type="String">Di. 03.06.2025 18:30 (Dienstag 18:30), MK</Data></Cell><Cell ss:StyleID="s22"><Data ss:Type="String">Normal</Data></Cell><Cell><Data ss:Type="String">Tom Leib</Data></Cell><Cell><Data ss:Type="String">Anna Leib</Data></Cell></Row><Row><Cell></Cell></Row><Row><Cell ss:StyleID="s21"><Data ss:Type="String">Sa. 07.06.2025 18:30 (Samstag 18:30), PP</Data></Cell><Cell ss:StyleID="s22"><Data ss:Type="String">Gabenbereitung</Data></Cell><Cell><Data ss:Type="String">Amelie Aubele</Data></Cell><Cell><Data ss:Type="String">Matthias Warken</Data></Cell></Row><Row><Cell><Data ss:Type="String"></Data></Cell><Cell ss:StyleID="s22"><Data ss:Type="String">Normal</Data></Cell><Cell><Data ss:Type="String">Hannah Noherr</Data></Cell><Cell><Data ss:Type="String">Vincent Aubele</Data></Cell></Row><Row><Cell></Cell></Row><Row><Cell ss:StyleID="s21"><Data ss:Type="String">So. 08.06.2025 09:00 (Pfingstsonntag), PP</Data></Cell><Cell ss:StyleID="s22"><Data ss:Type="String">Gabenbereitung</Data></Cell><Cell><Data ss:Type="String">Klara Häußler</Data></Cell><Cell><Data ss:Type="String">David Thanner</Data></Cell></Row><Row><Cell><Data ss:Type="String"></Data></Cell><Cell ss:StyleID="s22"><Data ss:Type="String">Leuchter</Data></Cell><Cell><Data ss:Type="String">Silvan Rainer</Data></Cell><Cell><Data ss:Type="String">Philipp Häußler</Data></Cell></Row><Row><Cell><Data ss:Type="String"></Data></Cell><Cell ss:StyleID="s22"><Data ss:Type="String">Normal</Data></Cell><Cell><Data ss:Type="String">Carlotta Neidlinger</Data></Cell><Cell><Data ss:Type="String">Simon Romer</Data></Cell></Row><Row><Cell><Data ss:Type="String"></Data></Cell><Cell></Cell><Cell><Data ss:Type="String">Sara Diebold</Data></Cell><Cell><Data ss:Type="String">Florina Schmid</Data></Cell></Row><Row><Cell><Data ss:Type="String"></Data></Cell><Cell></Cell><Cell><Data ss:Type="String">Stefanie Maar</Data></Cell><Cell><Data ss:Type="String">Felix Graf</Data></Cell></Row><Row><Cell><Data ss:Type="String"></Data></Cell><Cell ss:StyleID="s22"><Data ss:Type="String">Weihrauch</Data></Cell><Cell><Data ss:Type="String">Lukas Rehberger</Data></Cell><Cell><Data ss:Type="String">Anika Wilhelm</Data></Cell></Row><Row><Cell></Cell></Row><Row><Cell ss:StyleID="s21"><Data ss:Type="String">So. 08.06.2025 11:00 (Sonntag 11:00), MK</Data></Cell><Cell ss:StyleID="s22"><Data ss:Type="String">Gabenbereitung</Data></Cell><Cell><Data ss:Type="String">Felix Schmucker</Data></Cell><Cell><Data ss:Type="String">Ann-Kathrin Schmucker</Data></Cell></Row><Row><Cell><Data ss:Type="String"></Data></Cell><Cell ss:StyleID="s22"><Data ss:Type="String">Normal</Data></Cell><Cell><Data ss:Type="String">Jana Lemmermeyer</Data></Cell><Cell><Data ss:Type="String">Sarah Wieland</Data></Cell></Row><Row><Cell></Cell></Row><Row><Cell ss:StyleID="s21"><Data ss:Type="String">So. 08.06.2025 19:00 (Vesper), PP</Data></Cell><Cell ss:StyleID="s22"><Data ss:Type="String">Normal</Data></Cell><Cell><Data ss:Type="String">Anne Laubender</Data></Cell><Cell><Data ss:Type="String">Florian Gretzinger</Data></Cell></Row><Row><Cell><Data ss:Type="String"></Data></Cell><Cell ss:StyleID="s22"><Data ss:Type="String">Weihrauch</Data></Cell><Cell><Data ss:Type="String">Lukas Rehberger</Data></Cell><Cell><Data ss:Type="String">Matthias Warken</Data></Cell></Row><Row><Cell></Cell></Row><Row><Cell ss:StyleID="s21"><Data ss:Type="String">Mo. 09.06.2025 09:00 (Pfingstmontag), PP</Data></Cell><Cell ss:StyleID="s22"><Data ss:Type="String">Gabenbereitung</Data></Cell><Cell><Data ss:Type="String">Fina Ruhfaß</Data></Cell><Cell><Data ss:Type="String">Samuel Scheible</Data></Cell></Row><Row><Cell><Data ss:Type="String"></Data></Cell><Cell ss:StyleID="s22"><Data ss:Type="String">Normal</Data></Cell><Cell><Data ss:Type="String">Felix Graf</Data></Cell><Cell><Data ss:Type="String">Jana Lemmermeyer</Data></Cell></Row><Row><Cell></Cell></Row><Row><Cell ss:StyleID="s21"><Data ss:Type="String">Sa. 14.06.2025 18:30 (Samstag 18:30), PP</Data></Cell><Cell ss:StyleID="s22"><Data ss:Type="String">Gabenbereitung</Data></Cell><Cell><Data ss:Type="String">Lore Posch</Data></Cell><Cell><Data ss:Type="String">Paul Bischoff</Data></Cell></Row><Row><Cell><Data ss:Type="String"></Data></Cell><Cell ss:StyleID="s22"><Data ss:Type="String">Normal</Data></Cell><Cell><Data ss:Type="String">Paul Posch</Data></Cell><Cell><Data ss:Type="String">Elias Bischoff</Data></Cell></Row><Row><Cell></Cell></Row><Row><Cell ss:StyleID="s21"><Data ss:Type="String">So. 15.06.2025 09:00 (Sonntag 9:00), PP</Data></Cell><Cell ss:StyleID="s22"><Data ss:Type="String">Gabenbereitung</Data></Cell><Cell><Data ss:Type="String">Sonja Locherer</Data></Cell><Cell><Data ss:Type="String">Hannes Locherer</Data></Cell></Row><Row><Cell><Data ss:Type="String"></Data></Cell><Cell ss:StyleID="s22"><Data ss:Type="String">Normal</Data></Cell><Cell><Data ss:Type="String">Lukas Cvitanovic</Data></Cell><Cell><Data ss:Type="String">Jonah Cvitanovic</Data></Cell></Row><Row><Cell></Cell></Row><Row><Cell ss:StyleID="s21"><Data ss:Type="String">So. 15.06.2025 11:00 (Sonntag 11:00), MK</Data></Cell><Cell ss:StyleID="s22"><Data ss:Type="String">Gabenbereitung</Data></Cell><Cell><Data ss:Type="String">Anna Kehrle</Data></Cell><Cell><Data ss:Type="String">Marlene Fischer</Data></Cell></Row><Row><Cell><Data ss:Type="String"></Data></Cell><Cell ss:StyleID="s22"><Data ss:Type="String">Normal</Data></Cell><Cell><Data ss:Type="String">Samuel Scheible</Data></Cell><Cell><Data ss:Type="String">Anika Wilhelm</Data></Cell></Row><Row><Cell></Cell></Row><Row><Cell ss:StyleID="s21"><Data ss:Type="String">Di. 17.06.2025 18:30 (Dienstag 18:30), MK</Data></Cell><Cell ss:StyleID="s22"><Data ss:Type="String">Normal</Data></Cell><Cell><Data ss:Type="String">Patrik Velic</Data></Cell><Cell><Data ss:Type="String">Franziska Schöffmann</Data></Cell></Row><Row><Cell></Cell></Row><Row><Cell ss:StyleID="s21"><Data ss:Type="String">Do. 19.06.2025 09:00 (Fronleichnahm), PP</Data></Cell><Cell ss:StyleID="s22"><Data ss:Type="String">Gabenbereitung</Data></Cell><Cell><Data ss:Type="String">Amelie Aubele</Data></Cell><Cell><Data ss:Type="String">Carolin Schöttler</Data></Cell></Row><Row><Cell><Data ss:Type="String"></Data></Cell><Cell ss:StyleID="s22"><Data ss:Type="String">Leuchter</Data></Cell><Cell><Data ss:Type="String">Simon Romer</Data></Cell><Cell><Data ss:Type="String">Sarah Wieland</Data></Cell></Row><Row><Cell><Data ss:Type="String"></Data></Cell><Cell></Cell><Cell><Data ss:Type="String">Silvan Rainer</Data></Cell><Cell><Data ss:Type="String">Florina Schmid</Data></Cell></Row><Row><Cell><Data ss:Type="String"></Data></Cell><Cell></Cell><Cell><Data ss:Type="String">Stefanie Maar</Data></Cell><Cell><Data ss:Type="String">Vincent Aubele</Data></Cell></Row><Row><Cell><Data ss:Type="String"></Data></Cell><Cell ss:StyleID="s22"><Data ss:Type="String">Normal</Data></Cell><Cell><Data ss:Type="String">David Thanner</Data></Cell><Cell><Data ss:Type="String">Jana Lemmermeyer</Data></Cell></Row><Row><Cell><Data ss:Type="String"></Data></Cell><Cell></Cell><Cell><Data ss:Type="String">Anna Leib</Data></Cell><Cell><Data ss:Type="String">Emily Fridrich</Data></Cell></Row><Row><Cell><Data ss:Type="String"></Data></Cell><Cell></Cell><Cell><Data ss:Type="String">Alma Pfeil</Data></Cell><Cell><Data ss:Type="String">Tom Leib</Data></Cell></Row><Row><Cell><Data ss:Type="String"></Data></Cell><Cell></Cell><Cell><Data ss:Type="String">Franziska Schick</Data></Cell><Cell><Data ss:Type="String">Felix Graf</Data></Cell></Row><Row><Cell><Data ss:Type="String"></Data></Cell><Cell ss:StyleID="s22"><Data ss:Type="String">Weihrauch</Data></Cell><Cell><Data ss:Type="String">Anika Wilhelm</Data></Cell><Cell><Data ss:Type="String">Lukas Rehberger</Data></Cell></Row><Row><Cell></Cell></Row><Row><Cell ss:StyleID="s21"><Data ss:Type="String">Sa. 21.06.2025 18:30 (Samstag 18:30), PP</Data></Cell><Cell ss:StyleID="s22"><Data ss:Type="String">Gabenbereitung</Data></Cell><Cell><Data ss:Type="String">Philipp Häußler</Data></Cell><Cell><Data ss:Type="String">Klara Häußler</Data></Cell></Row><Row><Cell><Data ss:Type="String"></Data></Cell><Cell ss:StyleID="s22"><Data ss:Type="String">Normal</Data></Cell><Cell><Data ss:Type="String">Salome Beck </Data></Cell><Cell><Data ss:Type="String">Emanuel Beck</Data></Cell></Row><Row><Cell></Cell></Row><Row><Cell ss:StyleID="s21"><Data ss:Type="String">So. 22.06.2025 09:00 (Sonntag 9:00), MK</Data></Cell><Cell ss:StyleID="s22"><Data ss:Type="String">Gabenbereitung</Data></Cell><Cell><Data ss:Type="String">Hannah Noherr</Data></Cell><Cell><Data ss:Type="String">Fina Ruhfaß</Data></Cell></Row><Row><Cell><Data ss:Type="String"></Data></Cell><Cell ss:StyleID="s22"><Data ss:Type="String">Normal</Data></Cell><Cell><Data ss:Type="String">Matthias Warken</Data></Cell><Cell><Data ss:Type="String">Anne Laubender</Data></Cell></Row><Row><Cell></Cell></Row><Row><Cell ss:StyleID="s21"><Data ss:Type="String">So. 22.06.2025 11:00 (Pfarrgarten), PP</Data></Cell><Cell ss:StyleID="s22"><Data ss:Type="String">Gabenbereitung</Data></Cell><Cell><Data ss:Type="String">Paul Bischoff</Data></Cell><Cell><Data ss:Type="String">David Thanner</Data></Cell></Row><Row><Cell><Data ss:Type="String">Pfarrgarten</Data></Cell><Cell ss:StyleID="s22"><Data ss:Type="String">Normal</Data></Cell><Cell><Data ss:Type="String">Marlene Fischer</Data></Cell><Cell><Data ss:Type="String">Elias Bischoff</Data></Cell></Row><Row><Cell><Data ss:Type="String"></Data></Cell><Cell></Cell><Cell><Data ss:Type="String">Salome Beck </Data></Cell><Cell><Data ss:Type="String">Emanuel Beck</Data></Cell></Row><Row><Cell><Data ss:Type="String"></Data></Cell><Cell></Cell><Cell><Data ss:Type="String">Tom Leib</Data></Cell><Cell><Data ss:Type="String">Anna Leib</Data></Cell></Row><Row><Cell></Cell></Row><Row><Cell ss:StyleID="s21"><Data ss:Type="String">Di. 24.06.2025 18:30 (Dienstag 18:30), MK</Data></Cell><Cell ss:StyleID="s22"><Data ss:Type="String">Normal</Data></Cell><Cell><Data ss:Type="String">Sonja Locherer</Data></Cell><Cell><Data ss:Type="String">Hannes Locherer</Data></Cell></Row><Row><Cell></Cell></Row><Row><Cell ss:StyleID="s21"><Data ss:Type="String">Sa. 28.06.2025 18:30 (Samstag 18:30), PP</Data></Cell><Cell ss:StyleID="s22"><Data ss:Type="String">Gabenbereitung</Data></Cell><Cell><Data ss:Type="String">Lore Posch</Data></Cell><Cell><Data ss:Type="String">Kilian Armbruster</Data></Cell></Row><Row><Cell><Data ss:Type="String"></Data></Cell><Cell ss:StyleID="s22"><Data ss:Type="String">Normal</Data></Cell><Cell><Data ss:Type="String">Florian Gretzinger</Data></Cell><Cell><Data ss:Type="String">Paul Posch</Data></Cell></Row><Row><Cell></Cell></Row><Row><Cell ss:StyleID="s21"><Data ss:Type="String">So. 29.06.2025 09:00 (Patrozinium/ Heimatfest), PP</Data></Cell><Cell ss:StyleID="s22"><Data ss:Type="String">Gabenbereitung</Data></Cell><Cell><Data ss:Type="String">Marlene Fischer</Data></Cell><Cell><Data ss:Type="String">Jana Lemmermeyer</Data></Cell></Row><Row><Cell><Data ss:Type="String"></Data></Cell><Cell ss:StyleID="s22"><Data ss:Type="String">Leuchter</Data></Cell><Cell><Data ss:Type="String">Anna Kehrle</Data></Cell><Cell><Data ss:Type="String">Silvan Rainer</Data></Cell></Row><Row><Cell><Data ss:Type="String"></Data></Cell><Cell ss:StyleID="s22"><Data ss:Type="String">Normal</Data></Cell><Cell><Data ss:Type="String">Sara Diebold</Data></Cell><Cell><Data ss:Type="String">Simon Romer</Data></Cell></Row><Row><Cell><Data ss:Type="String"></Data></Cell><Cell></Cell><Cell><Data ss:Type="String">Jonah Cvitanovic</Data></Cell><Cell><Data ss:Type="String">Lukas Cvitanovic</Data></Cell></Row><Row><Cell><Data ss:Type="String"></Data></Cell><Cell></Cell><Cell><Data ss:Type="String">Franziska Schick</Data></Cell><Cell><Data ss:Type="String">Franziska Schöffmann</Data></Cell></Row><Row><Cell><Data ss:Type="String"></Data></Cell><Cell></Cell><Cell><Data ss:Type="String">Samuel Scheible</Data></Cell><Cell><Data ss:Type="String">Emily Fridrich</Data></Cell></Row><Row><Cell><Data ss:Type="String"></Data></Cell><Cell></Cell><Cell><Data ss:Type="String">Alma Pfeil</Data></Cell><Cell><Data ss:Type="String">Patrik Velic</Data></Cell></Row><Row><Cell><Data ss:Type="String"></Data></Cell><Cell></Cell><Cell><Data ss:Type="String">Carlotta Neidlinger</Data></Cell><Cell><Data ss:Type="String">Anika Wilhelm</Data></Cell></Row><Row><Cell><Data ss:Type="String"></Data></Cell><Cell ss:StyleID="s22"><Data ss:Type="String">Weihrauch</Data></Cell><Cell><Data ss:Type="String">Lukas Rehberger</Data></Cell><Cell><Data ss:Type="String">Matthias Warken</Data></Cell></Row><Row><Cell></Cell></Row><Row><Cell ss:StyleID="s21"><Data ss:Type="String">Di. 01.07.2025 18:30 (Dienstag 18:30), MK</Data></Cell><Cell ss:StyleID="s22"><Data ss:Type="String">Normal</Data></Cell><Cell><Data ss:Type="String">Fritzi Pichler</Data></Cell><Cell><Data ss:Type="String">David Thanner</Data></Cell></Row><Row><Cell></Cell></Row><Row><Cell ss:StyleID="s21"><Data ss:Type="String">Sa. 05.07.2025 18:30 (Termin nach Miniausflug), PP</Data></Cell></Row><Row><Cell><Data ss:Type="String">die einteilen, die nicht beim Miniausflug sind</Data></Cell></Row><Row><Cell></Cell></Row><Row><Cell ss:StyleID="s21"><Data ss:Type="String">So. 06.07.2025 09:00 (Gemeindewallfahrt), PP</Data></Cell><Cell ss:StyleID="s22"><Data ss:Type="String">Gabenbereitung</Data></Cell><Cell><Data ss:Type="String">Felix Schmucker</Data></Cell><Cell><Data ss:Type="String">Ann-Kathrin Schmucker</Data></Cell></Row><Row><Cell><Data ss:Type="String"></Data></Cell><Cell ss:StyleID="s22"><Data ss:Type="String">Normal</Data></Cell><Cell><Data ss:Type="String">Sonja Locherer</Data></Cell><Cell><Data ss:Type="String">Hannes Locherer</Data></Cell></Row><Row><Cell></Cell></Row><Row><Cell ss:StyleID="s21"><Data ss:Type="String">So. 06.07.2025 11:00 (Sonntag 11:00), MK</Data></Cell><Cell ss:StyleID="s22"><Data ss:Type="String">Gabenbereitung</Data></Cell><Cell><Data ss:Type="String">Salome Beck </Data></Cell><Cell><Data ss:Type="String">Emanuel Beck</Data></Cell></Row><Row><Cell><Data ss:Type="String"></Data></Cell><Cell ss:StyleID="s22"><Data ss:Type="String">Normal</Data></Cell><Cell><Data ss:Type="String">Carolin Schöttler</Data></Cell><Cell><Data ss:Type="String">Franziska Schöffmann</Data></Cell></Row><Row><Cell></Cell></Row><Row><Cell ss:StyleID="s21"><Data ss:Type="String">Di. 08.07.2025 18:30 (Dienstag 18:30), MK</Data></Cell><Cell ss:StyleID="s22"><Data ss:Type="String">Normal</Data></Cell><Cell><Data ss:Type="String">Tom Leib</Data></Cell><Cell><Data ss:Type="String">Anna Leib</Data></Cell></Row><Row><Cell></Cell></Row><Row><Cell ss:StyleID="s21"><Data ss:Type="String">Sa. 12.07.2025 18:30 (Samstag 18:30), PP</Data></Cell><Cell ss:StyleID="s22"><Data ss:Type="String">Gabenbereitung</Data></Cell><Cell><Data ss:Type="String">Amelie Aubele</Data></Cell><Cell><Data ss:Type="String">Paul Bischoff</Data></Cell></Row><Row><Cell><Data ss:Type="String"></Data></Cell><Cell ss:StyleID="s22"><Data ss:Type="String">Normal</Data></Cell><Cell><Data ss:Type="String">Vincent Aubele</Data></Cell><Cell><Data ss:Type="String">Elias Bischoff</Data></Cell></Row><Row><Cell></Cell></Row><Row><Cell ss:StyleID="s21"><Data ss:Type="String">So. 13.07.2025 09:00 (Sonntag 9:00), PP</Data></Cell><Cell ss:StyleID="s22"><Data ss:Type="String">Gabenbereitung</Data></Cell><Cell><Data ss:Type="String">Stefanie Maar</Data></Cell><Cell><Data ss:Type="String">Matthias Warken</Data></Cell></Row><Row><Cell><Data ss:Type="String"></Data></Cell><Cell ss:StyleID="s22"><Data ss:Type="String">Normal</Data></Cell><Cell><Data ss:Type="String">Kilian Armbruster</Data></Cell><Cell><Data ss:Type="String">Emily Fridrich</Data></Cell></Row><Row><Cell></Cell></Row><Row><Cell ss:StyleID="s21"><Data ss:Type="String">So. 13.07.2025 11:00 (Sonntag 11:00), MK</Data></Cell><Cell ss:StyleID="s22"><Data ss:Type="String">Gabenbereitung</Data></Cell><Cell><Data ss:Type="String">Paul Posch</Data></Cell><Cell><Data ss:Type="String">Lore Posch</Data></Cell></Row><Row><Cell><Data ss:Type="String"></Data></Cell><Cell ss:StyleID="s22"><Data ss:Type="String">Normal</Data></Cell><Cell><Data ss:Type="String">Sara Diebold</Data></Cell><Cell><Data ss:Type="String">Hannah Noherr</Data></Cell></Row><Row><Cell></Cell></Row><Row><Cell ss:StyleID="s21"><Data ss:Type="String">Di. 15.07.2025 18:30 (Dienstag 18:30), MK</Data></Cell><Cell ss:StyleID="s22"><Data ss:Type="String">Normal</Data></Cell><Cell><Data ss:Type="String">Anna Kehrle</Data></Cell><Cell><Data ss:Type="String">Franziska Schick</Data></Cell></Row><Row><Cell></Cell></Row><Row><Cell ss:StyleID="s21"><Data ss:Type="String">Sa. 19.07.2025 18:30 (Samstag 18:30), PP</Data></Cell><Cell ss:StyleID="s22"><Data ss:Type="String">Gabenbereitung</Data></Cell><Cell><Data ss:Type="String">Romina Schneider</Data></Cell><Cell><Data ss:Type="String">Jana Schneider</Data></Cell></Row><Row><Cell><Data ss:Type="String"></Data></Cell><Cell ss:StyleID="s22"><Data ss:Type="String">Normal</Data></Cell><Cell><Data ss:Type="String">Alma Pfeil</Data></Cell><Cell><Data ss:Type="String">Marlene Fischer</Data></Cell></Row><Row><Cell></Cell></Row><Row><Cell ss:StyleID="s21"><Data ss:Type="String">So. 20.07.2025 09:00 (Sonntag 9:00), PP</Data></Cell><Cell ss:StyleID="s22"><Data ss:Type="String">Gabenbereitung</Data></Cell><Cell><Data ss:Type="String">Felix Schmucker</Data></Cell><Cell><Data ss:Type="String">Ann-Kathrin Schmucker</Data></Cell></Row><Row><Cell><Data ss:Type="String"></Data></Cell><Cell ss:StyleID="s22"><Data ss:Type="String">Normal</Data></Cell><Cell><Data ss:Type="String">Lukas Cvitanovic</Data></Cell><Cell><Data ss:Type="String">Jonah Cvitanovic</Data></Cell></Row><Row><Cell></Cell></Row><Row><Cell ss:StyleID="s21"><Data ss:Type="String">So. 20.07.2025 11:00 (Familiengottesdienst), MK</Data></Cell><Cell ss:StyleID="s22"><Data ss:Type="String">Gabenbereitung</Data></Cell><Cell><Data ss:Type="String">Sarah Wieland</Data></Cell><Cell><Data ss:Type="String">Simon Romer</Data></Cell></Row><Row><Cell><Data ss:Type="String"></Data></Cell><Cell ss:StyleID="s22"><Data ss:Type="String">Normal</Data></Cell><Cell><Data ss:Type="String">Philipp Häußler</Data></Cell><Cell><Data ss:Type="String">Klara Häußler</Data></Cell></Row><Row><Cell><Data ss:Type="String"></Data></Cell><Cell></Cell><Cell><Data ss:Type="String">Sonja Locherer</Data></Cell><Cell><Data ss:Type="String">Hannes Locherer</Data></Cell></Row><Row><Cell><Data ss:Type="String"></Data></Cell><Cell></Cell><Cell><Data ss:Type="String">Romina Schneider</Data></Cell><Cell><Data ss:Type="String">Jana Schneider</Data></Cell></Row><Row><Cell></Cell></Row><Row><Cell ss:StyleID="s21"><Data ss:Type="String">Di. 22.07.2025 18:30 (Dienstag 18:30), MK</Data></Cell><Cell ss:StyleID="s22"><Data ss:Type="String">Normal</Data></Cell><Cell><Data ss:Type="String">Carlotta Neidlinger</Data></Cell><Cell><Data ss:Type="String">Florian Gretzinger</Data></Cell></Row><Row><Cell></Cell></Row><Row><Cell ss:StyleID="s21"><Data ss:Type="String">Sa. 26.07.2025 18:30 (Samstag 18:30), PP</Data></Cell><Cell ss:StyleID="s22"><Data ss:Type="String">Gabenbereitung</Data></Cell><Cell><Data ss:Type="String">Fritzi Pichler</Data></Cell><Cell><Data ss:Type="String">Anne Laubender</Data></Cell></Row><Row><Cell><Data ss:Type="String"></Data></Cell><Cell ss:StyleID="s22"><Data ss:Type="String">Normal</Data></Cell><Cell><Data ss:Type="String">Anna Kehrle</Data></Cell><Cell><Data ss:Type="String">Patrik Velic</Data></Cell></Row><Row><Cell></Cell></Row><Row><Cell ss:StyleID="s21"><Data ss:Type="String">So. 27.07.2025 09:00 (Sonntag 9:00), PP</Data></Cell><Cell ss:StyleID="s22"><Data ss:Type="String">Gabenbereitung</Data></Cell><Cell><Data ss:Type="String">Kilian Armbruster</Data></Cell><Cell><Data ss:Type="String">Sara Diebold</Data></Cell></Row><Row><Cell><Data ss:Type="String"></Data></Cell><Cell ss:StyleID="s22"><Data ss:Type="String">Normal</Data></Cell><Cell><Data ss:Type="String">Salome Beck </Data></Cell><Cell><Data ss:Type="String">Emanuel Beck</Data></Cell></Row><Row><Cell></Cell></Row><Row><Cell ss:StyleID="s21"><Data ss:Type="String">So. 27.07.2025 11:00 (Sonntag 11:00), MK</Data></Cell><Cell ss:StyleID="s22"><Data ss:Type="String">Gabenbereitung</Data></Cell><Cell><Data ss:Type="String">Felix Graf</Data></Cell><Cell><Data ss:Type="String">Silvan Rainer</Data></Cell></Row><Row><Cell><Data ss:Type="String"></Data></Cell><Cell ss:StyleID="s22"><Data ss:Type="String">Normal</Data></Cell><Cell><Data ss:Type="String">Paul Bischoff</Data></Cell><Cell><Data ss:Type="String">Elias Bischoff</Data></Cell></Row><Row><Cell></Cell></Row><Row><Cell ss:StyleID="s21"><Data ss:Type="String">Di. 29.07.2025 18:30 (Dienstag 18:30), MK</Data></Cell><Cell ss:StyleID="s22"><Data ss:Type="String">Normal</Data></Cell><Cell><Data ss:Type="String">Paul Posch</Data></Cell><Cell><Data ss:Type="String">Lore Posch</Data></Cell></Row><Row><Cell></Cell></Row><Row><Cell ss:StyleID="s21"><Data ss:Type="String">Sa. 02.08.2025 18:30 (Samstag 18:30), PP</Data></Cell><Cell ss:StyleID="s22"><Data ss:Type="String">Gabenbereitung</Data></Cell><Cell><Data ss:Type="String">Stefanie Maar</Data></Cell><Cell><Data ss:Type="String">Hannah Noherr</Data></Cell></Row><Row><Cell><Data ss:Type="String"></Data></Cell><Cell ss:StyleID="s22"><Data ss:Type="String">Normal</Data></Cell><Cell><Data ss:Type="String">Carlotta Neidlinger</Data></Cell><Cell><Data ss:Type="String">Florina Schmid</Data></Cell></Row><Row><Cell></Cell></Row><Row><Cell ss:StyleID="s21"><Data ss:Type="String">So. 03.08.2025 09:00 (Sonntag 9:00), PP</Data></Cell><Cell ss:StyleID="s22"><Data ss:Type="String">Gabenbereitung</Data></Cell><Cell><Data ss:Type="String">Tom Leib</Data></Cell><Cell><Data ss:Type="String">Anna Leib</Data></Cell></Row><Row><Cell><Data ss:Type="String"></Data></Cell><Cell ss:StyleID="s22"><Data ss:Type="String">Normal</Data></Cell><Cell><Data ss:Type="String">Carolin Schöttler</Data></Cell><Cell><Data ss:Type="String">Sarah Wieland</Data></Cell></Row><Row><Cell></Cell></Row><Row><Cell ss:StyleID="s21"><Data ss:Type="String">So. 03.08.2025 11:00 (Sonntag 11:00), MK</Data></Cell><Cell ss:StyleID="s22"><Data ss:Type="String">Gabenbereitung</Data></Cell><Cell><Data ss:Type="String">Sara Diebold</Data></Cell><Cell><Data ss:Type="String">Jana Lemmermeyer</Data></Cell></Row><Row><Cell><Data ss:Type="String"></Data></Cell><Cell ss:StyleID="s22"><Data ss:Type="String">Normal</Data></Cell><Cell><Data ss:Type="String">Franziska Schick</Data></Cell><Cell><Data ss:Type="String">Kilian Armbruster</Data></Cell></Row><Row><Cell></Cell></Row><Row><Cell ss:StyleID="s21"><Data ss:Type="String">Di. 05.08.2025 18:30 (Dienstag 18:30), MK</Data></Cell><Cell ss:StyleID="s22"><Data ss:Type="String">Normal</Data></Cell><Cell><Data ss:Type="String">Florian Gretzinger</Data></Cell><Cell><Data ss:Type="String">Franziska Schöffmann</Data></Cell></Row><Row><Cell></Cell></Row><Row><Cell ss:StyleID="s21"><Data ss:Type="String">Sa. 09.08.2025 18:30 (Samstag 18:30), PP</Data></Cell><Cell ss:StyleID="s22"><Data ss:Type="String">Gabenbereitung</Data></Cell><Cell><Data ss:Type="String">Klara Häußler</Data></Cell><Cell><Data ss:Type="String">Samuel Scheible</Data></Cell></Row><Row><Cell><Data ss:Type="String"></Data></Cell><Cell ss:StyleID="s22"><Data ss:Type="String">Normal</Data></Cell><Cell><Data ss:Type="String">Fina Ruhfaß</Data></Cell><Cell><Data ss:Type="String">Philipp Häußler</Data></Cell></Row><Row><Cell></Cell></Row><Row><Cell ss:StyleID="s21"><Data ss:Type="String">So. 10.08.2025 09:00 (Sonntag 9:00), PP</Data></Cell><Cell ss:StyleID="s22"><Data ss:Type="String">Gabenbereitung</Data></Cell><Cell><Data ss:Type="String">Romina Schneider</Data></Cell><Cell><Data ss:Type="String">Jana Schneider</Data></Cell></Row><Row><Cell><Data ss:Type="String"></Data></Cell><Cell ss:StyleID="s22"><Data ss:Type="String">Normal</Data></Cell><Cell><Data ss:Type="String">Lukas Cvitanovic</Data></Cell><Cell><Data ss:Type="String">Jonah Cvitanovic</Data></Cell></Row><Row><Cell></Cell></Row><Row><Cell ss:StyleID="s21"><Data ss:Type="String">So. 10.08.2025 11:00 (Sonntag 11:00), MK</Data></Cell><Cell ss:StyleID="s22"><Data ss:Type="String">Gabenbereitung</Data></Cell><Cell><Data ss:Type="String">Amelie Aubele</Data></Cell><Cell><Data ss:Type="String">Marlene Fischer</Data></Cell></Row><Row><Cell><Data ss:Type="String"></Data></Cell><Cell ss:StyleID="s22"><Data ss:Type="String">Normal</Data></Cell><Cell><Data ss:Type="String">Anne Laubender</Data></Cell><Cell><Data ss:Type="String">Vincent Aubele</Data></Cell></Row><Row><Cell></Cell></Row><Row><Cell ss:StyleID="s21"><Data ss:Type="String">Di. 12.08.2025 18:30 (Dienstag 18:30), MK</Data></Cell><Cell ss:StyleID="s22"><Data ss:Type="String">Normal</Data></Cell><Cell><Data ss:Type="String">Emily Fridrich</Data></Cell><Cell><Data ss:Type="String">David Thanner</Data></Cell></Row><Row><Cell></Cell></Row><Row><Cell ss:StyleID="s21"><Data ss:Type="String">Sa. 16.08.2025 18:30 (Samstag 18:30), PP</Data></Cell><Cell ss:StyleID="s22"><Data ss:Type="String">Gabenbereitung</Data></Cell><Cell><Data ss:Type="String">Emanuel Beck</Data></Cell><Cell><Data ss:Type="String">Simon Romer</Data></Cell></Row><Row><Cell><Data ss:Type="String"></Data></Cell><Cell ss:StyleID="s22"><Data ss:Type="String">Normal</Data></Cell><Cell><Data ss:Type="String">Alma Pfeil</Data></Cell><Cell><Data ss:Type="String">Salome Beck </Data></Cell></Row><Row><Cell></Cell></Row><Row><Cell ss:StyleID="s21"><Data ss:Type="String">So. 17.08.2025 09:00 (Sonntag 9:00), PP</Data></Cell><Cell ss:StyleID="s22"><Data ss:Type="String">Gabenbereitung</Data></Cell><Cell><Data ss:Type="String">Paul Posch</Data></Cell><Cell><Data ss:Type="String">Lore Posch</Data></Cell></Row><Row><Cell><Data ss:Type="String"></Data></Cell><Cell ss:StyleID="s22"><Data ss:Type="String">Normal</Data></Cell><Cell><Data ss:Type="String">Carolin Schöttler</Data></Cell><Cell><Data ss:Type="String">Patrik Velic</Data></Cell></Row><Row><Cell></Cell></Row><Row><Cell ss:StyleID="s21"><Data ss:Type="String">So. 17.08.2025 11:00 (Sonntag 11:00), MK</Data></Cell><Cell ss:StyleID="s22"><Data ss:Type="String">Gabenbereitung</Data></Cell><Cell><Data ss:Type="String">Sonja Locherer</Data></Cell><Cell><Data ss:Type="String">Hannes Locherer</Data></Cell></Row><Row><Cell><Data ss:Type="String"></Data></Cell><Cell ss:StyleID="s22"><Data ss:Type="String">Normal</Data></Cell><Cell><Data ss:Type="String">Lukas Cvitanovic</Data></Cell><Cell><Data ss:Type="String">Jonah Cvitanovic</Data></Cell></Row><Row><Cell></Cell></Row><Row><Cell ss:StyleID="s21"><Data ss:Type="String">Di. 19.08.2025 18:30 (Dienstag 18:30), MK</Data></Cell><Cell ss:StyleID="s22"><Data ss:Type="String">Normal</Data></Cell><Cell><Data ss:Type="String">Philipp Häußler</Data></Cell><Cell><Data ss:Type="String">Klara Häußler</Data></Cell></Row><Row><Cell></Cell></Row><Row><Cell ss:StyleID="s21"><Data ss:Type="String">Sa. 23.08.2025 18:30 (Samstag 18:30), PP</Data></Cell><Cell ss:StyleID="s22"><Data ss:Type="String">Gabenbereitung</Data></Cell><Cell><Data ss:Type="String">Felix Schmucker</Data></Cell><Cell><Data ss:Type="String">Ann-Kathrin Schmucker</Data></Cell></Row><Row><Cell><Data ss:Type="String"></Data></Cell><Cell ss:StyleID="s22"><Data ss:Type="String">Normal</Data></Cell><Cell><Data ss:Type="String">Florina Schmid</Data></Cell><Cell><Data ss:Type="String">Sarah Wieland</Data></Cell></Row><Row><Cell></Cell></Row><Row><Cell ss:StyleID="s21"><Data ss:Type="String">So. 24.08.2025 09:00 (Sonntag 9:00), PP</Data></Cell><Cell ss:StyleID="s22"><Data ss:Type="String">Gabenbereitung</Data></Cell><Cell><Data ss:Type="String">Anika Wilhelm</Data></Cell><Cell><Data ss:Type="String">Anna Kehrle</Data></Cell></Row><Row><Cell><Data ss:Type="String"></Data></Cell><Cell ss:StyleID="s22"><Data ss:Type="String">Normal</Data></Cell><Cell><Data ss:Type="String">Anne Laubender</Data></Cell><Cell><Data ss:Type="String">Lukas Rehberger</Data></Cell></Row><Row><Cell></Cell></Row><Row><Cell ss:StyleID="s21"><Data ss:Type="String">So. 24.08.2025 11:00 (Sonntag 11:00), MK</Data></Cell><Cell ss:StyleID="s22"><Data ss:Type="String">Gabenbereitung</Data></Cell><Cell><Data ss:Type="String">Vincent Aubele</Data></Cell><Cell><Data ss:Type="String">Amelie Aubele</Data></Cell></Row><Row><Cell><Data ss:Type="String"></Data></Cell><Cell ss:StyleID="s22"><Data ss:Type="String">Normal</Data></Cell><Cell><Data ss:Type="String">Alma Pfeil</Data></Cell><Cell><Data ss:Type="String">Franziska Schöffmann</Data></Cell></Row><Row><Cell></Cell></Row><Row><Cell ss:StyleID="s21"><Data ss:Type="String">Di. 26.08.2025 18:30 (Dienstag 18:30), MK</Data></Cell><Cell ss:StyleID="s22"><Data ss:Type="String">Normal</Data></Cell><Cell><Data ss:Type="String">Paul Bischoff</Data></Cell><Cell><Data ss:Type="String">Elias Bischoff</Data></Cell></Row><Row><Cell></Cell></Row><Row><Cell ss:StyleID="s21"><Data ss:Type="String">Sa. 30.08.2025 18:30 (Samstag 18:30), PP</Data></Cell><Cell ss:StyleID="s22"><Data ss:Type="String">Gabenbereitung</Data></Cell><Cell><Data ss:Type="String">Anna Leib</Data></Cell><Cell><Data ss:Type="String">Fina Ruhfaß</Data></Cell></Row><Row><Cell><Data ss:Type="String"></Data></Cell><Cell ss:StyleID="s22"><Data ss:Type="String">Normal</Data></Cell><Cell><Data ss:Type="String">Patrik Velic</Data></Cell><Cell><Data ss:Type="String">Tom Leib</Data></Cell></Row><Row><Cell></Cell></Row><Row><Cell ss:StyleID="s21"><Data ss:Type="String">So. 31.08.2025 09:00 (Sonntag 9:00), PP</Data></Cell><Cell ss:StyleID="s22"><Data ss:Type="String">Gabenbereitung</Data></Cell><Cell><Data ss:Type="String">Felix Graf</Data></Cell><Cell><Data ss:Type="String">Hannah Noherr</Data></Cell></Row><Row><Cell><Data ss:Type="String"></Data></Cell><Cell ss:StyleID="s22"><Data ss:Type="String">Normal</Data></Cell><Cell><Data ss:Type="String">Franziska Schick</Data></Cell><Cell><Data ss:Type="String">Silvan Rainer</Data></Cell></Row><Row><Cell></Cell></Row><Row><Cell ss:StyleID="s21"><Data ss:Type="String">So. 31.08.2025 11:00 (Sonntag 11:00), MK</Data></Cell><Cell ss:StyleID="s22"><Data ss:Type="String">Gabenbereitung</Data></Cell><Cell><Data ss:Type="String">Florina Schmid</Data></Cell><Cell><Data ss:Type="String">Stefanie Maar</Data></Cell></Row><Row><Cell><Data ss:Type="String"></Data></Cell><Cell ss:StyleID="s22"><Data ss:Type="String">Normal</Data></Cell><Cell><Data ss:Type="String">Florian Gretzinger</Data></Cell><Cell><Data ss:Type="String">Fritzi Pichler</Data></Cell></Row><Row><Cell></Cell></Row></Table></Worksheet></Workbook>